{"accuracy": 69.90291262135922, "f1_score": 0.5333333611488342}