{"accuracy": 68.93203883495146, "f1_score": 0.6666667461395264}